NASCAR Winston Cup Series results,NASCAR Winston Cup Series results,NASCAR Winston Cup Series results,NASCAR Winston Cup Series results,NASCAR Winston Cup Series results,NASCAR Winston Cup Series results,NASCAR Winston Cup Series results,NASCAR Winston Cup Series results,NASCAR Winston Cup Series results,NASCAR Winston Cup Series results,NASCAR Winston Cup Series results,NASCAR Winston Cup Series results,NASCAR Winston Cup Series results,NASCAR Winston Cup Series results,NASCAR Winston Cup Series results,NASCAR Winston Cup Series results,NASCAR Winston Cup Series results,NASCAR Winston Cup Series results,NASCAR Winston Cup Series results,NASCAR Winston Cup Series results,NASCAR Winston Cup Series results,NASCAR Winston Cup Series results,NASCAR Winston Cup Series results,NASCAR Winston Cup Series results,NASCAR Winston Cup Series results,NASCAR Winston Cup Series results,NASCAR Winston Cup Series results,NASCAR Winston Cup Series results,NASCAR Winston Cup Series results,NASCAR Winston Cup Series results,NASCAR Winston Cup Series results,NASCAR Winston Cup Series results,NASCAR Winston Cup Series results,NASCAR Winston Cup Series results,NASCAR Winston Cup Series results,NASCAR Winston Cup Series results,NASCAR Winston Cup Series results,NASCAR Winston Cup Series results
Year,Team,No.,Make,1,2,3,4,5,6,7,8,9,10,11,12,13,14,15,16,17,18,19,20,21,22,23,24,25,26,27,28,29,30,31,{{Tooltip|NWCC|NASCAR Winston Cup classification}},Pts,Ref
1993,Bahre Racing,64,Pontiac,DAY,"CAR
36",RCH,ATL,DAR,BRI,NWS,MAR,TAL,SON,,,,,,,,,,,,,,,,,,,,,,81st,55,
1993,Bahre Racing,64,Chevy,,,,,,,,,,,"CLT
DNQ",DOV,POC,MCH,DAY,NHA,POC,TAL,GLN,MCH,BRI,DAR,RCH,DOV,MAR,NWS,CLT,CAR,PHO,ATL,,81st,55,
1995,RaDiUs Motorsports,76,Ford,DAY,CAR,RCH,"ATL
DNQ",DAR,BRI,NWS,MAR,TAL,SON,,,,,,,,,,,,,,,,,,,,,,NA,-,
1995,RaDiUs Motorsports,67,Ford,,,,,,,,,,,"CLT
DNQ",DOV,POC,MCH,DAY,NHA,POC,TAL,IND,GLN,MCH,BRI,DAR,RCH,DOV,MAR,NWS,CLT,CAR,PHO,ATL,NA,-,
