,Score,,Game,Game,Game,Game,Game,Game,Game,Game,Game
,Score,,1,2,3,4,5,6,7,8,9
"{{flagIOC2athlete|Aniket Chirag Patel|IND|2018 Asian Games}}
{{flagIOC2athlete|Namita Seth|IND|2018 Asian Games}}",5–0,"{{flagIOC2athlete|Altankhuyagiin Damdin|MGL|2018 Asian Games}}
{{flagIOC2athlete|Möngöntsetsegiin Anudari|MGL|2018 Asian Games}}",Walkover,Walkover,Walkover,Walkover,Walkover,Walkover,Walkover,Walkover,Walkover
"{{flagIOC2athlete|Altankhuyagiin Damdin|MGL|2018 Asian Games}}
{{flagIOC2athlete|Möngöntsetsegiin Anudari|MGL|2018 Asian Games}}",0–5,"{{flagIOC2athlete|Toshiki Uematsu|JPN|2018 Asian Games}}
{{flagIOC2athlete|Riko Hayashida|JPN|2018 Asian Games}}",Walkover,Walkover,Walkover,Walkover,Walkover,Walkover,Walkover,Walkover,Walkover
"{{flagIOC2athlete|Aniket Chirag Patel|IND|2018 Asian Games}}
{{flagIOC2athlete|Namita Seth|IND|2018 Asian Games}}",0–5,"{{flagIOC2athlete|Toshiki Uematsu|JPN|2018 Asian Games}}
{{flagIOC2athlete|Riko Hayashida|JPN|2018 Asian Games}}",0–4,0–4,1–4,0–4,0–4,,,,
