303870,303869,303868,303867,303866,303865,303864,303863,303862,303861,303860,303859,303858,303857,303856,303855,303854,303853,303851,303850,303849,303848,303847,303846,303845,303844,303843,303842,303841,303840,303839,303838,303837,303836,303835,303834,303833
comment,comment,comment,comment,comment,comment,comment,comment,comment,comment,comment,comment,comment,comment,comment,comment,comment,comment,comment,comment,comment,comment,comment,comment,comment,comment,comment,comment,comment,comment,comment,comment,comment,comment,comment,comment,comment
303107,303780,303086,303725,303620,303390,303390,303725,303780,303780,303820,303605,303780,303720,303780,303617,303463,303720,303732,303723,303780,303780,303642,303642,303592,303720,303780,303780,303780,303780,303390,303720,303780,155400,303642,303780,303720
303580,303849,303086,303725,303639,303707,303390,303768,303823,303848,303820,303652,303834,303813,303843,303617,303568,303720,303750,303723,303842,303780,303642,303642,303717,303745,303817,303837,303837,303817,303583,303831,303823,303083,303830,303780,303774
0,0,0,0,0,0,0,0,0,0,0,0,0,0,0,0,0,0,0,0,0,0,0,0,0,0,0,0,0,0,0,0,0,0,0,0,0
0,0,0,0,0,0,0,0,0,0,0,0,0,0,0,0,0,0,0,0,0,0,0,0,0,0,0,0,0,0,0,0,0,0,0,0,0
ajross,nostrademons,iuguy,JeremyChase,silentbicycle,iuguy,iuguy,iuguy,iuguy,JeremyChase,ajross,ojbyrne,edw519,robg,tom_rath,aslkjdf,pageman,newt0311,endlessvoid94,edw519,menloparkbum,apollo,daniel-cussen,edw519,DaniFong,newt0311,maxklein,nostrademons,mechanical_fish,mechanical_fish,t0pj,menloparkbum,tom_rath,dood,nostrademons,fallentimes,whacked_new
,,,,,,,,,,,,,,,,,,,,,,,,,,,,,,,,,,,,
,,,,,,,,,,,,,,,,,,,,,,,,,,,,,,,,,,,,
I'm in the same boat.  And the number one annoyance is that it's not keystroke compatible.  I have the standard editting keys in my fingers for loading files (C-x C-f C-a C-k pathprefix TAB path TAB etc..).  That stuff breaks with ido and I get stalled and have to compose myself and figure out what I'm doing.<p>Wouldn't it have been possible to preserve both the classic editability of the path string <i>and</i> have fuzzy matching?,"Oh, I know.  My erstwhile startup seemed like a hot area when we began it a year and a half ago, and people in our target market said ""Thank God"" when I said what I was building.  Now, nobody seems to care, and none of our competitors took off either.<p>I'm saying that <i>even under his best assumptions about the market</i>, his product was not profitable.  He ended up getting customers after all, but even under generous volume and gross margins, it couldn't cover overhead.",Bonus points to anyone who can come up with a reason to ditch either Google Talk for domains or Windows Live Communication Server to use this instead...<p>... anyone?,"Maybe I missed the point, but this article doesn't explicitly say 'social features'. It simply says that the firefox community is bettered by more people using it. Granted social features are the first that come time mind, but I can imagine some others.<p>* A standard platform for whatever plugins you like\n* Aggregated usage data","Er, did you read the article?","You forgot reason 6:<p>* iPhone has a tiny market share across 2 devices and requires you to learn an entirely new development, deployment and management environment compared to Symbian, Blackberry or Windows Mobile.","I read that as ""If you need the survival of the platform vendor to ship an app, then it isn't a platform"".<p>Which in a bizarre way is also true I guess.","Actually I think that Seth <i>routinely</i> misses the point.<p>He's a great marketeer, but he's not a product manager anymore than a usability specialist.","Actually I think the article sums everything up that was wrong at the end:<p>""I learned that a markup of 150 percent doesn't mean much when you're only making 75 cents per item.""<p>And of course the final nail in the coffin:<p>""These are hilarious. You gonna give these to us? I bet you could sell thousands of them.""","I think it could have been a success, but I do wonder how much a one-off product like this can really make. There is money in novelty items, but I think the only ones making real money there are people who already have distribution and willing markets.","Honestly, I think even this article is a little to rosy on Sun's prospects.  On the software side, they've basically ceded the high performance server world to linux.  Tools like dtrace and zfs, while nice, aren't really dealmakers to normal people, and let's be honest: those are really Solaris's <i>only</i> competitive advantages against RHEL or Ubuntu.<p>And in hardware, they've bet the farm on Niagra which, contra the hopeful quotes in the article, really isn't all that great a CPU.  It's two process nodes behind Intel (and one and a half behind AMD), and it's a largely unchanged core from the late 90's that doesn't scale beyond 1 GHz or so.  The power efficiency point is valid, but only for some workloads (highly parallel servers, basically), and only by a tiny bit.  Newer quad-core Xeon's are nipping at Sun's heels as we speak, and have vastly better per-core performance.",Digg has a karma system. They just don't show your karma. Perhaps that's what you meant.,"Reminds me of my second favorite line from Rodney Dangerfield's ""Back to School"".  Thorton Melon's opinion of his business professor, ""He tells it like it ain't.""<p>(My favorite line?  ""Bring us a pitcher of beer every seven minutes until someone passes out.  Then bring one every ten minutes."")","I appreciate your perspective. I am a neuroscientist, and this subject closely rubs up against my training. I see nothing in handwriting that typing doesn't also give the developing brain. If anything, typing, especially touch, seems to require <i>more</i> fine motor skills than handwriting. And with the possibility of computer games to help teach typing, and coincident with auditory (hear 's' versus 'sh' versus 'sp') feedback (which helps normal and atypical reading development), you could teach typing, reading, writing, and spelling in one well-designed program while providing different types of focused feedback. Handwriting not only has less real world utility, but it is also harder to learn while being a more solitary skill. The more I think about it the more I'm verging on outrage that so much emphasis is still given to handwriting over typing.","No, with proper marketing one would not make the same mistake.  Instead, one would conclude that the product was a no-go and adjust their strategy to fit (in this case, putting the idea on the shelf).<p>Consider marketing the social component of design.  In the whole ""Make Something People Want"" bit, marketing identifies the ""something people want"" part.  ""Make"" is important, but it doesn't mean jack if you're making the wrong thing.<p>It sounds as though this guy might have had a good market for condom cases ( <a href=""http://www.google.com/search?hl=en&q=condom+cases"" rel=""nofollow"">http://www.google.com/search?hl=en&q=condom+cases</a> ), particularly in the 80s when the things were just coming out from behind the pharmacist's counter, but he didn't pursue that initially and his second attempt appears to have been an approximation of what people actually wanted to buy.<p>If he instead identified what people wanted (reliable condom cases) and delivered that instead of a novelty which sold well to Bangkok tourists, he may have had a business.",why is this on HN?,"On Scribd:\n<a href=""http://www.scribd.com/doc/5176674/Margin-of-Safety-by-Seth-Klarman-1991-FullScan"" rel=""nofollow"">http://www.scribd.com/doc/5176674/Margin-of-Safety-by-Seth-K...</a>","In the spirit of this article, I have found a number of other things which are no longer needed in the school curriculum and serve only to stress incoming student.<p>1. Writing (already mentioned): Seriously, hard stuff and obsoleted by keyboards.<p>2. Reading: reading is hard, you need to know hundreds of thousands if not millions of words and <i>exactly</i> what they look like. Obsoleted by screen readers.<p>3. Arithmetic: Boring, terminally boring, requires memorization of multiple tables or an understanding of the very basic concepts behind it and makes people hate maths. Obsoleted by computers.<p>4. Algebra: Not terribly difficult (unless you are a math major) and nobody really uses it. Besides, we have mathematica.<p>5. Calculus: See point 4.<p>6. Mathematics: See point 5.<p>7. History: Long, hard, requires memorizing information on so many dead people. What is the point. Obsoleted by books (or audiotapes as the need arises).<p>8. Science: Seriously, have you seen physics. Soooo hard. Obsoleted by computers.<p>9. Schools: After points 1-8 what does this do anymore?<p>10. Thinking: Oops. Still waiting for MIT.","I really like the ability to filter what news sources I want to see.<p>Excellent job with the site, all around.","1 Fabulous Way to Great Programming:  Write Code.<p>Geez, does anyone know the difference between correlation and causation anymore?<p>This is just another one of those meaningless, ""If a, then b must be true"" posts.  ""I watch Star Trek, therefore I <i>must</i> be a good programmer.""<p>The only measure of good programming is the code you write and the value it produces.  So stop reading B.S. blogs and go write some code.","This is harder than you would think. I took a year off from programming to help a friend market and sell actual physical stuff.<p>Often times a product that gets well received when you have a few samples made doesn't sell at all. Something you think kinda sucks and is just a 'filler' product in your line up turns out to be the most popular, and you run out of stock. Something sells well, you can get more made, so you order 500 more units, and then all of the sudden the product is not cool and nobody wants it anymore.",It sounds like he could have made it a success if he streamlined the production process and kept the cost per keychain down.,The guy who stood up to those tanks in Tiananmen Square.,I respect demonstrated performance.<p>Is is done?  Does it work?  Does it bring value to others?<p>Anything less is just posing.,"There's an example that's fairly easy to measure. tallness.<p>Here's what Malcom Gladwell had to say:<p><i>I polled about half of the companies on the Fortune 500 list--the largest corporations in the United States--asking each company questions about its CEO. The heads of big companies are, as I'm sure comes as no surprise to anyone, overwhelmingly white men, which undoubtedly reflects some kind of implicit bias. But they are also virtually all tall: In my sample, I found that on average CEOs were just a shade under six feet. Given that the average American male is 5'9"" that means that CEOs, as a group, have about three inches on the rest of their sex. But this statistic actually understates matters. In the U.S. population, about 14.5 percent of all men are six feet or over. Among CEOs of Fortune 500 companies, that number is 58 percent. Even more strikingly, in the general American population, 3.9 percent of adult men are 6'2"" or taller. Among my CEO sample, 30 percent were 6'2"" or taller.</i><p>Whatever the reasoning, Americans seem to want to be lead by taller people.<p>Maybe there is some actual correlation between competence and looks. That wouldn't be terribly startling (though maybe it's due large to the fact that competent looking people are given more opportunities).<p>But what <i>would</i> be startling is for it to have such an overwhelming effect. That, I'm almost sure, is a fluke.","Hmm... I take all my notes in LaTeX as well. For me, I found that it was more a matter of having the correct macros than any inherent slowness in the LaTeX type setting system. My preamble grew to about 130 lines before I was really able to type effectively in class. However, the benefits of this approach are undeniable. It halped me become good at LaTeX but more than that it made my notes easy to archive, retrieve, share, and use in general. Referring back to old theorems is a lot faster when you have Ctrl-F at your disposal.<p>The key is that if you write a similar thing more that ~3 times, make an emacs abbrev for it or a latex macro for it.","And you would have made the same mistake he made! Exactly the same mistake! You seemed to think that he just chose the wrong product or the wrong technique or something. Every business should EXPECT to have to deal with similar stuff he dealt with at the start.<p>His problem was that his financial calculation was wrong. Marketing is ALWAYS wrong till it works, research is only right after it is proven true. The only thing you can estimate with any degree of accuracy is the financial projection to see if the business is financially viable. And in his case he didn't factor in the uncertainty and the mistakes that one always makes.<p>The _basics_ of marketing?","It would've shown that his business idea was not economically viable, regardless of whether people wanted the keychains, before he had invested $10K in it.  If there's no way a business will work, it's better to find that out quickly and cheaply than to invest more money in it.","You are both right. That's why this is such a great story. It's a learning experience at every level!<p>My own take is that the poor guy's fundamental error was that he jumped the gun on outsourcing. He should have built the first hundred prototypes by hand on his kitchen table, with parts scrounged from one hobby store or another, then sold them himself. It sounds like he basically ended up doing that <i>anyway</i>, but if he'd done so in the first place he'd have invested less up front, gotten feedback faster, and gotten an intuitive sense of his market and the sort of product they'd prefer. Premature optimization!<p>The other, even more fundamental error was going into the novelty business in the first place.","<i>How could a ""Stanford MBA"" not even know the basics of marketing?</i><p>Keep this story in mind the next time you assume that the computer science graduate in front of you knows how to install Linux. Or that the electrical engineering Ph.D. knows how to solder.","<i>""There is only one Amazon cloud storage, but there are thousands of other online storage places so switching is easy.""</i><p>1) I don't think switching would be that easy unless you're just getting started.<p>2) <i>Thousands of other online storage places</i>  I guess you simply pick you poison, er, locked down platform with various restrictions.","There is as much reason to teach typing as there is a reason to teach a class in how to use the XBox controller. Nobody under the age of 25 has any trouble learning how to type.<p>I don't know if handwriting is or isn't a big deal. I don't remember having to do it after kindergarten. 3rd grade seems a bit too old, perhaps the author is really just embarrassed her kid is still failing the slow kid's class?<p>It would be interesting to see what would happen to society if handwriting class was abolished. Home Economics and running at recess were tossed out and now everyone is obese and in debt.","Not quite.  The product which met with some success was his second iteration:  ""Retailers told me that what the customer really wanted was a key chain with a usable condom.""<p>Although research of his supply chain was extremely bad, it doesn't seem as though correcting it would have saved his first misdirected attempt at a product.","Thanks for that, but my understanding of the passage you refer to is that it is discussing T'ao Yuan-ming's poem ""Peach Blossom Spring"", not the Tao Te Ching.<p>I've recently been reading Ellen Chen's new translation and commentaries [<a href=""http://www.amazon.com/Tao-Te-Ching-Translation-Commentary/dp/1557782385/"" rel=""nofollow"">http://www.amazon.com/Tao-Te-Ching-Translation-Commentary/dp...</a>]. It includes an interesting discussion of academic attitudes to the history and origins of the Tao Te Ching, and as I recall the notion of it being satire is not mentioned.","You don't get a chance to observe most people over and over again - that's usually limited to friends and immediate coworkers (team members).  Not coincidentally, those are the groups you should tap for startup cofounders.<p>The original question seemed to be about celebrity personalities and casual acquaintances - ""when you Google someone..."" etc.","<i>Though I had a Stanford MBA and regularly consulted on multimillion-dollar projects, I didn't know the first thing about starting a business.</i><p>Truer words have never been spoken.","I did consider the case of being dyslexic, in which case he wouldn't just have a problem with handwriting, but also with reading and writing in general, regardless of medium. At the age of 8 or 9, you'd expect the kid to already have it diagnosed and actions taken.<p>But you made me re-read the article (actually the middle three paragraphs, which I skipped because the intro and final paragraphs weren't interesting). Fair enough -- she has a point. It could be about cursive, stupid teachers, bad curricula, schooling, or just handwriting in general. Not sure which, and that the title is incendiary and that she stated her profession in the intro just doesn't do it for me. I admit my comment was untamed though."
1221411431,1221411374,1221411358,1221411288,1221411274,1221411216,1221411147,1221411042,1221410955,1221410865,1221410775,1221410460,1221410385,1221410317,1221410272,1221410195,1221410079,1221409718,1221409640,1221409613,1221409533,1221409492,1221409327,1221409298,1221409165,1221409122,1221408972,1221408886,1221408856,1221408717,1221408528,1221408511,1221408433,1221408259,1221408151,1221408062,1221408024
