1,2,3,4,5,6,7,8,9,10,11,12,13,14,15,16,17,18,19
A00-2030,A00-2030,A00-2030,A00-2030,A00-2030,A00-2030,A00-2030,A00-2030,A00-2030,A00-2030,A00-2030,A00-2030,A00-2030,A00-2030,A00-2030,A00-2030,A00-2030,A00-2030,A00-2030
W01-0510,W01-0510,W01-0510,W01-0510,W01-0510,P14-1078,P05-1061,P05-1053,P05-1053,H05-1094,P04-1054,P04-1054,W05-0602,N07-2041,W10-2924,W06-0508,P07-1055,W05-0636,N06-1037
0,0,0,0,0,0,0,0,0,0,0,0,0,0,0,0,0,0,0
"Miller et al., 2000","Miller et al, 2000","Miller et al, 2000","Miller et al, 2000","Miller et al, 2000","Miller et al, 2000",2000,2000,2000,2000,2000,2000,"Miller et al, 2000","Miller et al, 2000",2000,"Miller et al, 2000","Miller et al, 2000",2000,2000
0,0,0,0,0,0,0,0,0,0,0,0,0,0,0,0,0,0,0
"Section 5 compares our approach tooth ers in the literature, in particular that of (Miller et al., 2000)","The basic approach we described is very similar to the one presented in (Miller et al, 2000) however there are a few major di erences:  in our approach the augmentation of the syn tactic tags with semantic tags is straightforward due to the fact that the semantic constituents are matched exactly 5. The approach in (Miller","The semantic annotation required by our task is much simpler than that employed by (Miller et al, 2000)","One possibly bene cial extension of our work suggested by (Miller et al, 2000) would be to add semantic tags describing relations between entities (slots), in which case the semantic constraints would not be structured strictly on the two levels used in the current approach, respectively frame and slot level","Similar to the approach in (Miller et al, 2000 )weinitialized the SLM statistics from the UPenn Tree bank parse trees (about 1Mwds of training data) at the rst training stage, see Section 3","Rule-based methods (Miller et al, 2000) employ a number of linguistic rules to capture relation patterns","One interesting system that does not belong to the above class is that of Miller et al (2000), who take the view that relation extraction is just a form of probabilistic parsing where parse trees are augmented to identify all relations","Miller et al (2000) augmented syntactic full parse trees with semantic information corresponding to entities and relations, and built generative models for the augmented trees","Complicated relation extraction tasks may also impose a big challenge to the modeling approach used by Miller et al (2000) which integrates various tasks such as part-of-speech tagging, named entity recognition, template element extraction and relation extraction, in a single model","(Miller et al, 2000) have combined entity recognition, parsing, and relation extraction into a jointly-trained single statistical parsing model that achieves improved performance on all the subtasks. Part of the contribution of the current work is to suggest that joint decoding can be effective even when joint training is not possible because jointly-labeled data is unavailable",Miller et al (2000) propose an integrated statistical parsing technique that augments parse trees with semantic labels denoting entity and relation types,"WhereasMiller et al (2000) use a generative model to produce parse information as well as relation information, we hypothesize that a technique discriminatively trained to classify relations will achieve better performance","The syntactic model in (Miller et al, 2000) is similar to Collins?, but doesnot use features like sub cat frames and distance measures","Similar to the approach in (Miller et al, 2000) and (Kulick et al, 2004), our parser integrates both syntactic and semantic annotations into a single annotation as shown in Figure 2",Miller et al (2000) adapt a probabilistic context-free parser for information extraction by augmenting syntactic labels with entity and relation labels,"Most of the approaches for relation extraction rely on the mapping of syntactic dependencies, such as SVO, onto semantic relations, using either pattern matching or other strategies, such as probabilistic parsing for trees augmented with annotations for entities and relations (Miller et al 2000), or clustering of semantically similar syntactic dependencies, according to their selectional restrictions (Gamallo et al, 2002)","This includes parsing and relation extraction (Miller et al, 2000), entity labeling and relation extraction (Roth and Yih, 2004), and part-of-speech tagging and chunking (Sutton et al, 2004)","For example, Miller et al (2000) showed that performing parsing and information extraction in a joint model improves performance on both tasks",Miller et al (2000) address the task of relation extraction from the statistical parsing viewpoint
"Section 5 compares our approach too thiers in the literature, in particular that of (Miller et al., 2000)","The basic approach we described is very similar to the one presented in (Miller et al, 2000) however there are a few major differences:  in our approach the augmentation of the syn tactic tags with semantic tags is straightforward due to the fact that the semantic constituents are matched exactly 5. The approach in (Miller","The semantic annotation required by our task is much simpler than that employed by (Miller et al, 2000)","One possibly beneficial extension of our work suggested by (Miller et al, 2000) would be to add semantic tags describing relations between entities (slots), in which case the semantic constraints would not be structured strictly on the two levels used in the current approach, respectively frame and slot level","Similar to the approach in (Miller et al, 2000) we initialized the SLM statistics from the UPenn Tree bank parse trees","Rule-based methods (Miller et al, 2000) employ a number of linguistic rules to capture relation patterns","One interesting system that does not belong to the above class is that of Miller et al (2000), who take the view that relation extraction is just a form of probabilistic parsing where parse trees are augmented to identify all relations","Miller et al (2000) augmented syntactic full parse trees with semantic information corresponding to entities and relations, and built generative models for the augmented trees","Complicated relation extraction tasks may also impose a big challenge to the modeling approach used by Miller et al (2000) which integrates various tasks such as part-of-speech tagging, named entity recognition, template element extraction and relation extraction, in a single model","(Miller et al, 2000) have combined entity recognition, parsing, and relation extraction into a jointly-trained single statistical parsing model that achieves improved performance on all the subtasks. Part of the contribution of the current work is to suggest that joint decoding can be effective even when joint training is not possible because jointly-labeled data is unavailable",Miller et al (2000) propose an integrated statistical parsing technique that augments parse trees with semantic labels denoting entity and relation types,"Whereas Miller et al (2000) use a generative model to produce parse information as well as relation information, we hypothesize that a technique discriminatively trained to classify relations will achieve better performance","The syntactic model in (Miller et al, 2000) is similar to Collins', but does not use features like subcat frames and distance measures","Similar to the approach in (Miller et al, 2000) and (Kulick et al, 2004), our parser integrates both syntactic and semantic annotations into a single annotation as shown in Figure 2",Miller et al (2000) adapt a probabilistic context-free parser for information extraction by augmenting syntactic labels with entity and relation labels,"Most of the approaches for relation extraction rely on the mapping of syntactic dependencies, such as SVO, onto semantic relations, using either pattern matching or other strategies, such as probabilistic parsing for trees augmented with annotations for entities and relations (Miller et al 2000), or clustering of semantically similar syntactic dependencies, according to their selectional restrictions (Gamallo et al, 2002)","This includes parsing and relation extraction (Miller et al, 2000), entity labeling and relation extraction (Roth and Yih, 2004), and part-of-speech tagging and chunking (Sutton et al, 2004)","For example, Miller et al (2000) showed that performing parsing and information extraction in a joint model improves performance on both tasks",Miller et al (2000) address the task of relation extraction from the statistical parsing viewpoint
"'40','80','57','11'","'60','36','11','43'","'108','9','50','41'","'38','34','95','58'","'33','95','60','52'","'17','110','6','74'","'59','34','33','95'","'34','95','52','33'","'26','11','61','0'","'61','33','5','58'","'58','33','41','95'","'26','0','34','55'","'26','28','60','106'","'50','105','108','25'","'6','2','38','104'","'34','38','95','52'","'58','61','22','0'","'11','103','6','105'","'0','1','3','66'"
"<S sid=""40"" ssid=""8"">Further details are discussed in the section Tree Augmentation.</S><S sid=""80"" ssid=""2"">However, because these estimates are too sparse to be relied upon, we use interpolated estimates consisting of mixtures of successively lowerorder estimates (as in Placeway et al. 1993).</S><S sid=""57"" ssid=""3"">David Edwin Lewis,&amp;quot; a node is inserted to indicate that &amp;quot;Lt. Cmdr.&amp;quot; is a descriptor for &amp;quot;David Edwin Lewis.&amp;quot; 5.</S><S sid=""11"" ssid=""1"">We evaluated the new approach to information extraction on two of the tasks of the Seventh Message Understanding Conference (MUC-7) and reported in (Marsh, 1998).</S>","<S sid=""60"" ssid=""1"">In our statistical model, trees are generated according to a process similar to that described in (Collins 1996, 1997).</S><S sid=""36"" ssid=""4"">The five key facts in this example are: Here, each &amp;quot;reportable&amp;quot; name or description is identified by a &amp;quot;-r&amp;quot; suffix attached to its semantic label.</S><S sid=""11"" ssid=""1"">We evaluated the new approach to information extraction on two of the tasks of the Seventh Message Understanding Conference (MUC-7) and reported in (Marsh, 1998).</S><S sid=""43"" ssid=""3"">Thus, we did not consider simply adding semantic labels to the existing Penn TREEBANK, which is drawn from a single source &#8212; the Wall Street Journal &#8212; and is impoverished in articles about rocket launches.</S>","<S sid=""108"" ssid=""5"">This simple semantic annotation was the only source of task knowledge used to configure the model.</S><S sid=""9"" ssid=""7"">Manually creating sourcespecific training data for syntax was not required.</S><S sid=""50"" ssid=""10"">Figure 4 shows an example of the semantic annotation, which was the only type of manual annotation we performed.</S><S sid=""41"" ssid=""1"">To train our integrated model, we required a large corpus of augmented parse trees.</S>","<S sid=""38"" ssid=""6"">Other labels indicate relations among entities.</S><S sid=""34"" ssid=""2"">In these trees, the standard TREEBANK structures are augmented to convey semantic information, that is, entities and relations.</S><S sid=""95"" ssid=""14"">The semantics &#8212; that is, the entities and relations &#8212; can then be directly extracted from these sentential trees.</S><S sid=""58"" ssid=""4"">Whenever a relation involves an entity that is not a direct descendant of that relation in the parse tree, semantic pointer labels are attached to all of the intermediate nodes.</S>","<S sid=""33"" ssid=""1"">Our integrated model represents syntax and semantics jointly using augmented parse trees.</S><S sid=""95"" ssid=""14"">The semantics &#8212; that is, the entities and relations &#8212; can then be directly extracted from these sentential trees.</S><S sid=""60"" ssid=""1"">In our statistical model, trees are generated according to a process similar to that described in (Collins 1996, 1997).</S><S sid=""52"" ssid=""1"">In this section, we describe the algorithm that was used to automatically produce augmented trees, starting with a) human-generated semantic annotations and b) machinegenerated syntactic parse trees.</S>","<S sid=""17"" ssid=""7"">For the following example, the template relation in Figure 2 was to be generated: &amp;quot;Donald M. Goldstein, a historian at the University of Pittsburgh who helped write...&amp;quot;</S><S sid=""110"" ssid=""2"">Technical agents for part of this work were Fort Huachucha and AFRL under contract numbers DABT63-94-C-0062, F30602-97-C-0096, and 4132-BBN-001.</S><S sid=""6"" ssid=""4"">In this paper, we report adapting a lexicalized, probabilistic context-free parser with head rules (LPCFG-HR) to information extraction.</S><S sid=""74"" ssid=""15"">The categories for head constituents, cl&#8222; are predicted based solely on the category of the parent node, cp: Modifier constituent categories, cm, are predicted based on their parent node, cp, the head constituent of their parent node, chp, the previously generated modifier, c&#8222;,_1, and the head word of their parent, wp.</S>","<S sid=""59"" ssid=""5"">These labels serve to form a continuous chain between the relation and its argument.</S><S sid=""34"" ssid=""2"">In these trees, the standard TREEBANK structures are augmented to convey semantic information, that is, entities and relations.</S><S sid=""33"" ssid=""1"">Our integrated model represents syntax and semantics jointly using augmented parse trees.</S><S sid=""95"" ssid=""14"">The semantics &#8212; that is, the entities and relations &#8212; can then be directly extracted from these sentential trees.</S>","<S sid=""34"" ssid=""2"">In these trees, the standard TREEBANK structures are augmented to convey semantic information, that is, entities and relations.</S><S sid=""95"" ssid=""14"">The semantics &#8212; that is, the entities and relations &#8212; can then be directly extracted from these sentential trees.</S><S sid=""52"" ssid=""1"">In this section, we describe the algorithm that was used to automatically produce augmented trees, starting with a) human-generated semantic annotations and b) machinegenerated syntactic parse trees.</S><S sid=""33"" ssid=""1"">Our integrated model represents syntax and semantics jointly using augmented parse trees.</S>","<S sid=""26"" ssid=""9"">We were already using a generative statistical model for part-of-speech tagging (Weischedel et al. 1993), and more recently, had begun using a generative statistical model for name finding (Bikel et al.</S><S sid=""11"" ssid=""1"">We evaluated the new approach to information extraction on two of the tasks of the Seventh Message Understanding Conference (MUC-7) and reported in (Marsh, 1998).</S><S sid=""61"" ssid=""2"">The detailed probability structure differs, however, in that it was designed to jointly perform part-of-speech tagging, name finding, syntactic parsing, and relation finding in a single process.</S><S sid=""0"">A Novel Use of Statistical Parsing to Extract Information from Text</S>","<S sid=""61"" ssid=""2"">The detailed probability structure differs, however, in that it was designed to jointly perform part-of-speech tagging, name finding, syntactic parsing, and relation finding in a single process.</S><S sid=""33"" ssid=""1"">Our integrated model represents syntax and semantics jointly using augmented parse trees.</S><S sid=""5"" ssid=""3"">Chiba, (1999) was able to use such a parsing algorithm to reduce perplexity with the long term goal of improved speech recognition.</S><S sid=""58"" ssid=""4"">Whenever a relation involves an entity that is not a direct descendant of that relation in the parse tree, semantic pointer labels are attached to all of the intermediate nodes.</S>","<S sid=""58"" ssid=""4"">Whenever a relation involves an entity that is not a direct descendant of that relation in the parse tree, semantic pointer labels are attached to all of the intermediate nodes.</S><S sid=""33"" ssid=""1"">Our integrated model represents syntax and semantics jointly using augmented parse trees.</S><S sid=""41"" ssid=""1"">To train our integrated model, we required a large corpus of augmented parse trees.</S><S sid=""95"" ssid=""14"">The semantics &#8212; that is, the entities and relations &#8212; can then be directly extracted from these sentential trees.</S>","<S sid=""26"" ssid=""9"">We were already using a generative statistical model for part-of-speech tagging (Weischedel et al. 1993), and more recently, had begun using a generative statistical model for name finding (Bikel et al.</S><S sid=""0"">A Novel Use of Statistical Parsing to Extract Information from Text</S><S sid=""34"" ssid=""2"">In these trees, the standard TREEBANK structures are augmented to convey semantic information, that is, entities and relations.</S><S sid=""55"" ssid=""1"">syntactic modifier of the other, the inserted node serves to indicate the relation as well as the argument.</S>","<S sid=""26"" ssid=""9"">We were already using a generative statistical model for part-of-speech tagging (Weischedel et al. 1993), and more recently, had begun using a generative statistical model for name finding (Bikel et al.</S><S sid=""28"" ssid=""11"">Finally, our newly constructed parser, like that of (Collins 1997), was based on a generative statistical model.</S><S sid=""60"" ssid=""1"">In our statistical model, trees are generated according to a process similar to that described in (Collins 1996, 1997).</S><S sid=""106"" ssid=""3"">We were able to use the Penn TREEBANK to estimate the syntactic parameters; no additional syntactic training was required.</S>","<S sid=""50"" ssid=""10"">Figure 4 shows an example of the semantic annotation, which was the only type of manual annotation we performed.</S><S sid=""105"" ssid=""2"">A single model proved capable of performing all necessary sentential processing, both syntactic and semantic.</S><S sid=""108"" ssid=""5"">This simple semantic annotation was the only source of task knowledge used to configure the model.</S><S sid=""25"" ssid=""8"">A second consideration influenced our decision toward an integrated model.</S>","<S sid=""6"" ssid=""4"">In this paper, we report adapting a lexicalized, probabilistic context-free parser with head rules (LPCFG-HR) to information extraction.</S><S sid=""2"" ssid=""2"">In this paper we report adapting a lexic al ized, probabilistic context-free parser to information extraction and evaluate this new technique on MUC-7 template elements and template relations.</S><S sid=""38"" ssid=""6"">Other labels indicate relations among entities.</S><S sid=""104"" ssid=""1"">We have demonstrated, at least for one problem, that a lexicalized, probabilistic context-free parser with head rules (LPCFGHR) can be used effectively for information extraction.</S>","<S sid=""34"" ssid=""2"">In these trees, the standard TREEBANK structures are augmented to convey semantic information, that is, entities and relations.</S><S sid=""38"" ssid=""6"">Other labels indicate relations among entities.</S><S sid=""95"" ssid=""14"">The semantics &#8212; that is, the entities and relations &#8212; can then be directly extracted from these sentential trees.</S><S sid=""52"" ssid=""1"">In this section, we describe the algorithm that was used to automatically produce augmented trees, starting with a) human-generated semantic annotations and b) machinegenerated syntactic parse trees.</S>","<S sid=""58"" ssid=""4"">Whenever a relation involves an entity that is not a direct descendant of that relation in the parse tree, semantic pointer labels are attached to all of the intermediate nodes.</S><S sid=""61"" ssid=""2"">The detailed probability structure differs, however, in that it was designed to jointly perform part-of-speech tagging, name finding, syntactic parsing, and relation finding in a single process.</S><S sid=""22"" ssid=""5"">There is no opportunity for a later stage, such as parsing, to influence or correct an earlier stage such as part-of-speech tagging.</S><S sid=""0"">A Novel Use of Statistical Parsing to Extract Information from Text</S>","<S sid=""11"" ssid=""1"">We evaluated the new approach to information extraction on two of the tasks of the Seventh Message Understanding Conference (MUC-7) and reported in (Marsh, 1998).</S><S sid=""103"" ssid=""8"">While performance did not quite match the best previously reported results for any of these three tasks, we were pleased to observe that the scores were at or near state-of-the-art levels for all cases.</S><S sid=""6"" ssid=""4"">In this paper, we report adapting a lexicalized, probabilistic context-free parser with head rules (LPCFG-HR) to information extraction.</S><S sid=""105"" ssid=""2"">A single model proved capable of performing all necessary sentential processing, both syntactic and semantic.</S>","<S sid=""0"">A Novel Use of Statistical Parsing to Extract Information from Text</S><S sid=""1"" ssid=""1"">Since 1995, a few statistical parsing algorithms have demonstrated a breakthrough in parsing accuracy, as measured against the UPenn TREEBANK as a gold standard.</S><S sid=""3"" ssid=""1"">Since 1995, a few statistical parsing algorithms (Magerman, 1995; Collins, 1996 and 1997; Charniak, 1997; Rathnaparki, 1997) demonstrated a breakthrough in parsing accuracy, as measured against the University of Pennsylvania TREEBANK as a gold standard.</S><S sid=""66"" ssid=""7"">At each step in the process, a choice is made from a statistical distribution, with the probability of each possible selection dependent on particular features of previously generated elements.</S>"
,,,,,,,,,,,,,,,,,,
